"Country","Year","Rank","Total","C1: Security Apparatus","C2: Factionalized Elites","C3: Group Grievance","E1: Economy","E2: Economic Inequality","E3: Human Flight and Brain Drain","P1: State Legitimacy","P2: Public Services","P3: Human Rights","S1: Demographic Pressures","S2: Refugees and IDPs","X1: External Intervention","Education(Mean years of schooling","Health(Current health expenditure (% of GDP)","Unemployment","Population growth","Corruption","Human Development Index","Fragile State Index"
"South Sudan","2017","1st","141.8","10","9.7","9.7","10","8.9","6.4","10","10","9.5","9.9","10","9.8","4.8","9.8","8.4","0.7","3.78","0.4","Alert"
"Somalia","2017","2nd","140.4","9.4","10","8.9","8.9","9.3","9.8","9.3","9","9.5","10","10","9.3","5.6","8.9","7.1","2.8","2.26","0.3","Alert"
"Afghanistan","2017","9th","138.5","10","8.6","8.4","8.3","7.5","8.2","9.1","9.9","8.5","9.3","9.8","9.7","3.8","11.8","11.2","2.5","1.39","0.5","Alert"
"Haiti","2017","11th","137.5","7.7","9.6","6.5","8.7","9.8","8.8","9.7","9.7","7.6","9.5","7.7","10","5.4","8","13.7","2.5","2.05","0.5","Alert"
"Syria","2017","5th","136.8","9.8","9.9","9.8","8.1","7.7","8.4","9.9","9.2","9.8","8.2","9.8","10","5.1","3","15.4","1","1.4","0.3","Alert"
"Iraq","2017","10th","135.2","10","9.6","9.6","6.6","7.3","7.7","9.5","8.2","8.7","8.6","9.9","9.7","7","4.2","13","2.5","2.47","0.6","Alert"
"North Korea","2017","30th","134.1","8.3","8.5","5.8","8.9","7.5","4.4","10","8.6","9.4","7.7","4.4","9.8","9.7","6.1","22.4","0.1","1.83","0.7","Alert"
"Libya","2017","23rd","132.8","9.6","9.4","8.1","8.5","5.6","6.3","9.5","7","9.1","4.9","8.3","10","7.6","6.2","18.6","0.4","3.05","0.6","Alert"
"Central African Republic","2017","3rd","131.3","9","9.7","9.1","9.1","10","7.5","9.7","10","9.7","9","10","9.8","4.3","5.8","3.7","1.3","3.28","0.3","Alert"
"Sudan","2017","5th","128.4","9","9.7","10","8.5","7.4","8.9","9.8","8.9","9.6","9.3","9.8","9.7","3.7","6.3","0.8","2.4","4.08","0.5","Alert"
"Lesotho","2017","62nd","128","6.2","7.3","3.9","8.1","8.1","8","5.9","8.1","5","8.5","4.8","7.8","6.3","8.8","24.1","2.5","4.08","0.5","Alert"
"Zimbabwe","2017","13th","127.8","8.1","9.8","7.3","8.6","8.5","7.9","9.2","8.9","8.2","9.1","8.5","7.5","8.3","6.6","7.6","1.5","1.85","0.4","Alert"
"Congo Democratic Republic","2017","7th","127.5","9","9.8","10","8.4","8.4","6.6","9.6","9.5","9.8","9.4","10","9.5","6.5","2.9","4.3","2.3","1.08","0.4","Alert"
"Yemen","2017","4th","127.2","9.8","9.5","9.3","9.3","8.2","7.3","9.7","9.6","9.7","9.3","9.4","10","3","4.2","4.2","2.4","1.6","0.7","Alert"
"Nigeria","2017","13th","125.3","9.2","9.6","9.2","8","8.6","7.2","8.6","9.2","8.9","9.1","7.5","6.5","6.4","3.8","8.4","2.6","1.97","0.5","Alert"
"Chad","2017","8th","124.7","9.4","9.8","8","8.5","9.1","8.8","9.1","9.7","9.1","10","9.6","8.3","2.4","4.5","1.8","3.1","2.73","0.8","Alert"
"Mauritania","2017","28th","124.7","6.9","8.8","7","7.7","6.8","6.9","8","9","7.9","8.7","8","8","11.3","4.4","9.6","2.8","2.41","0.5","Alert"
"Iran","2017","49th","122.1","7.5","9.6","9.3","6.4","5.6","6.5","9","4.5","9.5","4.9","6.5","6.5","10","8.7","12.1","1.4","3.51","0.6","Alert"
"Jordan","2017","71st","118.4","5.7","6.9","8","6.4","5.4","4.2","6.3","4.2","7.9","6.5","9.6","7.6","10.4","8.1","15.1","2.4","2.99","0.7","Alert"
"Burundi","2017","17th","117.8","8.8","8.2","7.9","8","7.2","6.3","8.8","8","8.8","9.3","8.6","9","3","7.5","1.5","3.2","3.29","0.4","Alert"
"Egypt","2017","36th","117.8","8.1","8.8","8.8","8.2","6","4.7","8.2","4.9","9.8","7.1","7.3","7.9","7.2","5.3","11.7","0.5","2.66","0.6","Alert"
"Guinea","2017","12th","117.1","8.8","9.6","8.6","9.2","7.7","7.4","9.6","9.5","7.7","8.7","8.2","7.4","2.7","4.1","4.3","0.8","2.37","0.4","Alert"
"Sierra Leone","2017","38th","117.1","4.3","7.8","6.2","8.6","8.3","8.5","6.9","8.8","5.3","9","7.7","7.9","3.5","13.4","8.4","0.1","1.95","0.4","Alert"
"Tajikistan","2017","61st","116.8","6.7","8.4","7.4","7.3","4.8","6.2","9.1","5.6","8.2","7.9","4.3","5.9","10.6","7.2","10.8","2.5","3.28","0.6","Alert"
"Congo Republic","2017","29th","116.554","7.2","6.7","7.2","7","8.1","7.4","8.9","9.5","8.5","8.1","7.7","7.1","6.5","2.9","9.8","2.3","1.08","0.574","Alert"
"Bosnia and Herzegovina","2017","93rd","116.5","5.7","8.7","7","5.7","5.1","5.5","6.5","3.6","5.6","3.8","7.6","8.2","9.8","8.9","20.5","1","2.56","0.7","Alert"
"Mali","2017","31st","116.3","9","4.9","7.4","7.7","7.4","8.5","6.1","8.8","7.3","8.5","7.9","9.4","6.8","3.8","7.3","3","2.08","0.4","Alert"
"Eritrea","2017","19th","116.2","7.2","8.1","7.1","8.1","7.8","8.3","9.3","8.4","9","8.8","8.3","7.7","3.9","2.9","5.2","2.1","3.56","0.4","Alert"
"Guinea Bissau","2017","16th","116.2","8.9","9.6","5.2","8.3","9.1","8.1","9.2","9.4","7.5","8.6","7.3","8.3","3.3","7.2","2.5","1.6","1.7","0.4","Alert"
"Uganda","2017","24th","116.1","7.1","8.6","8.5","5.5","7.4","7.6","8.6","8.3","7.8","9","9.3","8.3","5.8","6.2","4.4","1.2","1.78","0.7","Alert"
"Solomon Islands","2017","52nd","115.3","5.9","8.2","6.5","7.1","9","6.9","6.8","7.7","5.2","8.5","4.4","8.6","5.5","4.7","13.5","2.6","3.71","0.5","Alert"
"Armenia","2017","102nd","115.2","5.5","7.4","6.1","6.3","4.5","6.2","7.6","3.6","7","3.1","7","6.7","11.3","10.4","17.7","0.3","3.79","0.7","Alert"
"Kenya","2017","22nd","115.2","8.3","8.9","8.9","6.9","7.9","7.6","7.6","8","7","8.9","8.3","8.1","6.5","4.8","2.7","2.4","1.94","0.5","Alert"
"Pakistan","2017","17th","115.2","9.1","8.9","10","6.9","6.5","7.2","8.1","7.7","8","8.4","8.7","9.4","5.1","2.9","3.9","2.1","1.79","0.5","Alert"
"Gambia","2017","37th","115.1","6.3","7.8","3.8","8.4","6.9","8.3","8.6","7.8","9.4","8.3","6.8","7","3.7","3.3","9.1","3","6.22","0.4","Alert"
"Niger","2017","20th","115","8.7","8.9","8","7.5","8.5","7.5","7.3","9.5","6.5","9","7.9","8.1","2","7.7","0.5","3.8","3.27","0.3","Alert"
"Lebanon","2017","43rd","114.9","8.7","9.3","8.5","6.4","5.6","5","7.6","5.7","7.4","5.6","9.3","9.1","8.7","8.2","6.2","0.8","2.11","0.7","Alert"
"Liberia","2017","27th","114.8","6.4","8.3","5.8","8.1","8.4","7.2","6.8","9.3","6.5","9","8.7","9.3","4.7","8.2","3","1.4","3.24","0.5","Alert"
"Georgia","2017","79th","114.6","6.8","9.1","7.9","5.5","5.5","4.9","8.3","4.3","5.6","3.7","7.5","7.4","12.8","7.6","13.9","0","3.1","0.7","Alert"
"Malawi","2017","44th","114.3","4.8","8.1","5.6","8.4","8.3","7.9","6.4","8.6","6.2","9.7","5.8","8.2","6.1","9.6","5.7","2.7","1.85","0.4","Alert"
"Djibouti","2017","41st","114.1","6.5","7.3","6.5","7","7.9","5.4","8.2","7.9","7.8","8.4","7.3","8.7","4.1","3.3","10.4","1.6","5.32","0.5","Alert"
"Cameroon","2017","26th","114","7.9","9.1","8.3","6.6","7.6","7.6","8.4","8.7","7.5","8.1","8","7.8","6.2","4.7","3.4","1.2","2.43","0.5","Alert"
"Timor-Leste","2017","35th","113.4","7.2","8.3","6.5","7.9","6.8","7.6","6.9","8.5","5.3","9.7","6.3","9.5","4.5","3.9","9.5","2.5","2.03","0.5","Alert"
"Namibia","2017","103rd","113.2","5.5","3.5","5.8","6.8","8.2","7.1","3.3","7.4","3.8","7.6","5","6.4","6.9","8.6","21.6","1.9","3.22","0.6","Alert"
"Ethiopia","2017","15th","113.1","8.4","8.7","9.1","7","6.5","7.6","8.2","8.8","9","9.8","9.3","8.7","2.8","3.5","2.1","1","2.21","0.4","Alert"
"Cote d'Ivoire","2017","21st","112.8","7.7","9.1","8.1","6.6","8","7.3","7.9","8.7","7.9","8.2","7.8","9.2","5.2","4.5","3.3","1","2.03","0.3","Alert"
"Comoros","2017","52nd","112.4","6.7","8","5.4","8","7.5","7.4","7.3","8.2","6.3","7.3","4.7","8","4.9","7.4","4.4","1.5","8.87","0.5","Alert"
"Uzbekistan","2017","63rd","112","7.1","8.8","7.1","6.3","6.9","6","9.5","4.9","9.2","5.6","5.5","4.6","11.7","6.4","6.4","2.5","2.67","0.8","Alert"
"Angola","2017","32nd","111.2","6.5","7.2","7.5","6.4","9.9","6.6","8.6","9.1","7.3","9.5","7.1","5.4","5.1","2.8","7.1","3.3","1.28","0.5","Alert"
"Zambia","2017","46th","110.3","4.6","6.2","5.9","7.9","9.2","7.9","7.7","7.9","7.4","9.5","6.4","7.2","7.1","4.5","4.5","3","2.78","0.6","Alert"
"Swaziland","2017","42nd","110.1","6.3","6.8","3.4","9.7","8.2","7.2","8.8","8.1","9.1","9.4","4.7","7.1","10.4","5.6","2.1","0","2.27","0.9","Alert"
"Russia","2017","67th","109.8","8.9","8.1","8.8","5.2","6.2","4","8.5","4.2","9.2","4.6","5.8","5.7","12","5.3","5.2","1.3","6","0.8","Alert"
"Turkey","2017","64th","109.1","8.3","9.1","10","4.6","5.7","3.9","7.6","4.4","7.7","4.9","9.2","5.4","8","4.2","7.9","3.8","3.73","0.7","Alert"
"Gabon","2017","91st","109","5.2","7.4","3.8","5.5","6.5","6.1","8.2","6.7","7.5","6.7","4.5","5.7","8.3","2.8","20","0.3","3.22","0.6","Alert"
"Israel and West Bank","2017","69th","108.5","6.9","8.1","10","3.8","6.8","3.8","6.4","4.8","7.5","6","7.3","7.5","13","7.4","4.2","1.9","2.19","0.9","Alert"
"Algeria","2017","77th","108.2","7.2","7.1","7.1","6.6","6.6","5.8","6.9","6","6.6","5.2","6.8","4.9","8","6.4","12","2","2.32","0.7","Alert"
"Mozambique","2017","40th","108.2","6.7","6.6","5.4","8","8.8","8","6.5","9.7","5.6","9.9","5.8","8","5.5","4.9","1.6","2.9","3.91","0.4","Alert"
"Burkina Faso","2017","44th","108.1","8.4","7.8","4.5","6.3","8.2","7.5","7.1","8.7","6.1","9.3","6.6","7.5","1.5","6.9","6.2","2.9","2.18","0.4","Alert"
"Myanmar","2017","35th","107.7","8.9","8.3","9.7","5.9","7.7","6.4","8.6","8.5","8.9","6.8","8.7","7.3","3.4","4.7","1.6","0.6","1.2","0.5","Alert"
"Serbia","2017","107th","107.7","5.5","8","7.3","6.4","4.8","5.3","5.2","4.2","4.4","4.3","8.4","6.2","11.1","8.4","13.5","1.2","2.8","0.7","Alert"
"Colombia","2017","69th","107.2","6.9","7.6","7.3","4.2","7.6","6.2","6.3","5.9","7","6.2","7.7","6","8.3","7.2","8.9","0.6","2.77","0.5","Alert"
"Sri Lanka","2017","47th","107.1","7.4","8.8","9","5.4","7.1","7.7","6.9","5.1","8.3","6.2","8.4","6.3","10.6","3.8","2","1.1","2.31","0.7","Alert"
"Bangladesh","2017","39th","106.8","7.6","9.3","8.7","5.8","6.7","7.8","7.8","8.1","7.4","7.5","6.6","5.8","6.1","2.3","4.4","1.1","3.19","0.6","Alert"
"Nepal","2017","33rd","106.5","6.5","8.8","9.4","7.5","6.7","6.5","7.4","7.2","7.7","8.6","7.8","6.9","4.7","5.6","1.4","1.3","2","0.5","Alert"
"Togo","2017","56th","106.4","6.5","7.6","4.6","6.4","8.2","7.5","7.8","8.2","6.7","7.8","6.6","6","4.7","6.2","2.5","1.1","7.5","0.5","Alert"
"Maldives","2017","86th","106.3","6.4","8","4.8","5.9","3.6","6.2","8.5","5.6","8.2","6","4.7","6.5","10.2","9","6","4.3","1.71","0.7","Alert"
"Equatorial Guinea","2017","51st","106.2","6.5","8.2","6.3","6.5","8.7","5.5","9.8","7.9","9.2","7.5","3.9","5","5.6","3.1","6.5","2.3","3.25","0.5","Alert"
"Azerbaijan","2017","81st","105.9","6.2","7.9","6.5","4.1","5.9","4.3","8.8","5.4","8.5","4.6","7.7","6.4","10.6","6.7","5","1","5.64","0.7","Alert"
"Kyrgyz Republic","2017","65th","105.9","6.5","8","8.4","7","5.9","7","7.7","5.1","7.5","5.5","5.3","6.4","10.9","6.2","3.7","1.6","2.59","0.6","Alert"
"Sao Tome and Principe","2017","97th","105.5","5","6.3","4.5","8.5","6","8.5","5.6","5.9","3.3","6.2","4.4","7.9","6.1","6.2","13.3","2","5.21","0.6","Alert"
"Madagascar","2017","55th","104.8","7.1","7.8","4.1","7.6","9.1","6.7","7.1","9.1","5.6","9.1","3.9","6.8","7.8","5.5","1.7","2.7","2.72","0.4","Alert"
"Micronesia","2017","80th","104.7","4.6","5.6","4","8.8","8.3","9.8","5.5","6","3.3","7.1","3.9","9.5","8.6","12.4","4.1","1.1","1.54","0.6","Alert"
"Rwanda","2017","34th","104.7","6.2","8","9.4","6","8.3","7.4","7.1","7.4","7.2","8","8.3","7.5","4.3","6.6","1.1","0.2","1.2","0.5","Alert"
"Brazil","2017","110th","104.6","6.7","4.9","6.2","4.8","7.8","4.6","6.2","6.4","6.4","8.1","2.8","3.3","7.8","9.5","12.8","1.4","4.24","0.7","Alert"
"Cambodia","2017","50th","104.4","6.7","8.3","6.9","5.7","6.6","7.6","8.3","7.8","7.7","7","5.7","7.4","4.8","5.9","0.7","2.6","4.19","0.5","Alert"
"Ecuador","2017","75th","103.6","6.8","8.2","7.3","6","6.7","5.8","6.5","6.5","5","6.5","5.7","6.3","8.8","8.3","3.8","2.1","2.56","0.7","Alert"
"Philippines","2017","54th","103.6","9.7","8","7.9","5.5","5.7","6.5","7","6.7","6.6","7.5","6.9","6.4","9.4","4.4","2.6","0.7","1.36","0.7","Alert"
"South Africa","2017","96th","103.4","6.1","6.1","6.7","7.1","7.5","5.5","6.5","7","4.2","7.2","5.4","3","10.2","8.1","6.7","1.4","3.98","0.7","Alert"
"Ukraine","2017","90th","102.7","7.6","8","6.7","6.8","4.2","5.2","8.2","3.7","6.2","4.2","4.6","8.6","11.4","7","7.3","0.4","2.11","0.5","Alert"
"Honduras","2017","68th","102.5","7.3","6.8","5.9","6.4","7.7","6.4","6.8","6.8","6.9","6.3","4.3","7.5","6.6","7.9","5.5","0.5","2.32","0.6","Alert"
"Saudi Arabia","2017","101st","102.1","6.3","8.2","7.8","4.5","5","3.8","8","3.8","9.1","5.3","4.7","4.7","10.1","5.2","5.9","2.8","6.14","0.8","Alert"
"Guyana","2017","100th","101.9","6.4","5.1","6.7","6","5.7","9.4","5.4","6.2","3.5","5.8","3.8","7.3","8.5","4.9","12","2.8","1.84","0.6","Alert"
"Belarus","2017","95th","101.3","6.1","8.3","7.1","6","4.7","3.4","8.7","4.2","7.9","5.1","3.6","7.3","12.3","5.9","5.7","0.1","4.12","0.8","Alert"
"Botswana","2017","120th","101.3","4.1","3.3","4.9","5.8","7.8","5.5","3.3","7.3","5","8.2","4.5","4.1","9.3","6.1","17.5","1.2","2.74","0.7","Alert"
"Greece","2017","127th","101.3","4.5","4.1","5.4","6.5","3.7","3.3","6.7","3.8","3.2","3.7","6.5","6.1","10.5","8","21.5","0","2.98","0.8","Alert"
"Guatemala","2017","57th","101.3","7.6","7.1","8.5","5.5","8.1","7.3","6.5","7.5","7.2","7","5.6","5.2","6.5","5.8","2.5","0.6","2.19","0.6","Alert"
"Papua New Guinea","2017","48th","101.3","7.2","7.1","6.3","6.1","9.1","7.4","6.8","9","7.6","7.8","5.2","6.8","4.6","2.5","2.5","1.7","3.1","0.5","Alert"
"Bolivia","2017","77th","100.9","6.5","8","6","5.4","8.6","7","6.5","6.8","6","6.3","3.9","5.8","8.9","6.4","3.7","1.4","2.98","0.7","Alert"
"Tunisia","2017","89th","100.9","8.3","7.8","7.7","6.7","4.9","6.1","6.5","4.4","6.5","4.2","4.7","6.4","7.2","7.2","4.4","1.7","5.47","0.7","Alert"
"Turkmenistan","2017","86th","100.7","6.3","7.8","6.6","4.9","6.7","5.1","9.7","5.6","8.7","5.4","3.5","4.1","9.8","6.9","5.8","1.3","1.8","0.7","Alert"
"Fiji","2017","76th","100.2","7.1","7.9","6.9","6.5","6.3","8.2","6.9","5","6.9","4.9","3.1","7.2","10.8","3.5","4.2","2.7","1.36","0.7","Alert"
"El Salvador","2017","92nd","100","7.3","4.3","6.7","5.4","6.4","7.9","4.8","6.4","6.3","6.9","4.8","5.9","6.9","7.2","4.4","3.8","4.04","0.6","Alert"
"Venezuela","2017","58th","99.9","7.3","8.2","7.2","7.3","6.7","5.5","8.5","7.7","8.9","5.6","4.6","5.4","10.3","1.2","1.2","1.5","2.11","0.7","Alert"
"Morocco","2017","84th","99.7","5.8","6.6","7.7","4.8","6.2","8.2","6.7","5.2","6.8","4.8","6.1","6","11.5","5.2","3.3","1.3","2.87","0.6","Alert"
"Senegal","2017","60th","99.5","6.2","6.6","6.4","7.4","7.4","8","4.7","7.5","6","8.1","7.3","6.7","3","4.1","6.6","0.5","2.52","0.5","Alert"
"Laos","2017","59th","99.3","5.5","8.3","6.6","5.2","6.6","7.7","9.1","7","7.9","7.3","5.1","6.1","5.2","2.5","1.8","0.9","5.89","0.6","Alert"
"Nicaragua","2017","74th","99.3","5.6","7.1","6.5","5.7","8","8.1","7.9","6.7","5.2","5.3","4","7.3","6.8","8.6","3.3","1.3","1.29","0.6","Alert"
"Cape Verde","2017","106th","98.3","5.4","5.5","4.1","5.2","7.1","8","5.3","6","4","7.2","4.2","8.1","6.1","5.2","12.2","1.2","3.2","0.3","Alert"
"Samoa","2017","111th","98.2","4.7","5.1","4.5","6.3","4.9","9.5","5.5","4.9","4.1","5.7","2.7","9.2","10.6","5.5","8.4","3.8","2.1","0.7","Alert"
"Cyprus","2017","121st","97.9","4.4","7.9","6.3","6","5.9","4","4.8","2.5","3","3.5","5.3","9","12.1","6.7","11.1","0.8","3.78","0.8","Alert"
"Jamaica","2017","117th","97.5","6.9","3.7","3.4","6.9","5.1","8.4","4.8","6.4","5.5","5.2","3.1","5.8","9.8","6","11.6","0.2","3.96","0.7","Alert"
"Paraguay","2017","99th","97.3","6.6","7.8","5.8","5","7.9","5.8","7","6.2","5.9","5.7","3.1","4.8","8.4","6.7","4.6","2","3.35","0.7","Alert"
"Albania","2017","124th","97.2","4.7","6.2","4.5","5.4","3.6","7.6","5.7","4","4.8","3.7","3.6","6.7","10.1","10.2","13.8","0.1","1.81","0.7","Alert"
"India","2017","72nd","97.2","7.4","7.3","8.3","5.1","7","6.1","4.7","7.4","6","7.9","5.3","5.4","6.5","3.5","5.4","1.1","2.16","0.6","Alert"
"Tanzania","2017","65th","97","5.5","5.7","5.2","6.2","7.1","7.6","5.9","8.6","5.9","8.7","6.7","7.2","6","3.6","3.9","0.3","2.36","0.5","Alert"
"Moldova","2017","98th","96.9","6.1","8.3","7.3","6.4","4.8","6.6","6.6","4.9","4.9","4.8","3.9","7.4","7.7","7","6.4","1.7","1.4","0.7","Alert"
"China","2017","85th","96.2","5.9","7.2","7.9","4.4","7.3","4.9","8.6","5.7","8.5","6.7","4.9","2.7","7.8","5.2","4.4","1.4","1.96","0.7","Alert"
"Mexico","2017","88th","96.1","8.4","5.4","7.2","4.9","6.1","5.8","6.5","6.8","6.5","6.1","5.1","5.5","9.3","5.5","3.4","1.2","1.69","0.7","Alert"
"Vietnam","2017","105th","94.9","4.6","6.9","6","5.1","5","6.2","8.3","4.7","7.4","6.1","4.7","5.2","8.2","5.5","5.5","1","3.93","0.6","Alert"
"Benin","2017","73rd","94.8","6.2","6.7","3.4","6.6","7.6","7.4","5.4","8.7","5.2","8.3","5.5","6.6","3.6","3.7","2.5","2.7","4.17","0.5","Alert"
"Dominican Republic","2017","109th","93.8","5.8","6.2","5.8","5.5","5.8","7.1","5.5","6.3","5.8","6.5","3.3","5.4","7.9","6.1","5.8","1.8","2.55","0.7","Alert"
"Thailand","2017","82nd","93.6","9","9.4","8.5","3.3","5.3","4.7","7.5","4.4","8","6.4","5.9","3.8","7.7","3.7","1.8","1.9","1.55","0.7","Alert"
"Mongolia","2017","128th","93.5","3.6","5.5","3.8","5","6.4","3.3","4","5.4","4.5","5.1","3","7.1","11.6","4","16.1","1.9","2.45","0.7","Alert"
"Suriname","2017","113th","93.3","4.9","5.8","5.8","7.1","6.1","6.8","5","5.6","4.6","5.3","3","5.9","9.1","6.2","4.6","1","5.81","0.7","Alert"
"Indonesia","2017","94th","93.1","6.2","7","7.1","4.5","5.8","6.9","5.1","5.9","7.2","6.6","5.4","5.2","8","3","4.2","1.2","3.12","0.7","Alert"
"Brunei Darussalam","2017","122nd","93","5.1","7.4","5.9","3.5","7.8","4.6","8.3","1.8","7.7","3.7","2.2","3.6","9.1","2.4","9.3","1.1","8.72","0.8","Alert"
"Cuba","2017","119th","92.9","5.2","7","4","4","5.4","5.2","7.6","4.1","7.5","5.5","4","5.1","11.8","11.7","1.7","0","2.36","0.7","Alert"
"Peru","2017","104th","92.2","7.1","6.9","7.4","3.2","7.4","7.3","7.2","6.7","4.3","5","4.3","3.5","9.5","5","3.5","1.3","1.9","0.7","Alert"
"Kazakhstan","2017","113th","91.5","5.2","7.6","7.6","6.4","4.2","3.6","8.3","4","7.3","4.5","3","4.2","11.8","3.1","4.9","1.4","3.59","0.8","Alert"
"Belize","2017","115th","91.4","6.4","4.3","4.1","6.7","5.4","6.6","5.2","5.9","4.7","5.1","3.6","7.5","9.8","5.6","6.6","2","1.2","0.7","Alert"
"Ghana","2017","108th","89.7","3.8","5.2","4.4","6.1","6.6","8.2","4.2","7.8","5.1","6.6","5","6.7","7.1","3.3","4.2","2.2","2.56","0.6","Warning"
"Macedonia","2017","112th","89.7","5.6","7.3","6.9","5.8","5.2","5.2","5.8","3.9","3.8","3.3","7.3","6","12.2","2.1","2.3","1.6","4.49","0.9","Warning"
"Bhutan","2017","83rd","89.3","4.5","7.5","7.9","4.7","6.1","7.2","4.3","6.1","6.6","6.1","7","8","4.1","3.2","2.4","1.2","1.83","0.6","Warning"
"Seychelles","2017","125th","87.7","6.1","6","4.5","4.1","5.5","5.9","5.5","2.7","3.8","5.1","3.2","7","9.8","5","2.3","2.2","8.32","0.7","Warning"
"Bahrain","2017","118th","87","6.9","7.6","8.4","3.8","4.6","3.5","8.2","1.8","8.8","4.1","2.4","4.8","9.4","4.7","0.7","4.7","1.81","0.8","Warning"
"Bahamas","2017","134th","86.6","4.6","4.5","4.1","4.8","4.5","4.7","3.8","4.6","3.6","6.9","2.6","3.7","11.4","5.8","9.8","1","5.39","0.8","Warning"
"Croatia","2017","138th","84.6","3.5","4.4","5.8","5.3","3.3","4.7","2.9","2.4","3.6","3.1","7","4.6","11.4","6.8","11.2","1.2","2.64","0.8","Warning"
"Trinidad and Tobago","2017","128th","84.6","6.3","5.6","4.2","4.4","4.9","8.1","4.5","4.3","4.1","4.5","2.7","3.1","11","7","4.3","1.6","3.29","0.7","Warning"
"Bulgaria","2017","132nd","83.6","4.3","5.3","5.1","5.7","4.4","4.2","4.5","4.4","3.3","3.7","4.5","4.3","11.4","8.1","6.2","0.7","2.66","0.8","Warning"
"Montenegro","2017","130th","83.1","4","6.5","7.9","5.2","2.4","4","4.6","3.1","4.1","2.8","4.6","6.5","10.2","4.6","9.2","0","2.6","0.8","Warning"
"Malaysia","2017","116th","82.1","6.3","6.8","6.5","3.1","5","5","7.7","4.2","8","5.3","3.7","3.8","4.5","3.9","3.4","1.4","2.67","0.8","Warning"
"Grenada","2017","123rd","81.9","5.7","5.6","3.8","6","4.8","8.4","5.4","3.8","3.2","4.7","3","7.1","8.7","4.8","3","0.2","3","0.7","Warning"
"Barbados","2017","139th","81","4.4","4.2","4.1","5.9","4.6","5.4","2.5","2.7","2.9","4.4","2.5","6","10.6","6.8","9.8","0.2","3.24","0.8","Warning"
"Argentina","2017","140th","80.9","4.3","2.8","5","4.3","5.4","3","4.8","3.8","4.1","3.8","2.3","4.6","10.6","9.1","8.3","1","2.92","0.8","Warning"
"United States","2017","158th","80.9","3.2","5.3","6","2.4","4.3","1.7","1.9","1.6","3.2","2.8","2","1.2","13.4","17.1","11.6","0.6","1.7","0.9","Warning"
"Italy","2017","142nd","80","4.5","4.9","4.8","5.4","2.9","2","3.7","2.7","2","4.3","5.5","2.5","10.2","8.8","11.2","0.1","3.72","0.8","Warning"
"Kuwait","2017","126th","79.7","4.2","7.8","4.7","3","4.2","3.6","7.2","2.6","7.9","5","3.5","4.8","7.3","5.3","2.8","2.5","2.47","0.8","Warning"
"Hungary","2017","135th","79","2.7","5.3","4.8","5.4","3.8","3.3","6.1","3.2","5.2","1.8","6.5","3.9","11.9","6.9","4.2","0.3","2.89","0.8","Warning"
"Latvia","2017","141st","77.9","3","4.3","8","3.5","4.1","4.8","3.4","2.9","2.8","2.9","2.8","3.9","13","6","6.9","1.6","3.21","0.8","Warning"
"Romania","2017","136th","77.9","3","5.4","6.8","4.7","4.2","4.5","5.2","3.8","3.7","3.2","2.8","3.6","11","5.2","4.9","2.6","2.5","0.8","Warning"
"Antigua and Barbuda","2017","131st","76.7","5.7","3.7","3.9","4.5","4.5","6.8","5.4","3.8","4.4","4.1","2.7","5.3","9.3","4.5","4.3","1","2.1","0.7","Warning"
"United Kingdom","2017","160th","76.7","2.7","4.5","6.4","3.6","3.6","2.1","1.5","1.6","1.7","2.4","2.1","1","12.9","9.6","13.2","0.7","6.26","0.8","Warning"
"Estonia","2017","143rd","76.5","3.3","5.9","7.3","3.5","3.2","4","2.7","2.9","1.7","2.8","3.1","4.3","13","6.4","5.8","0.1","5.74","0.8","Warning"
"Oman","2017","133rd","76","4.2","6.6","2.9","4.1","4.6","2.5","6.8","3.5","7.7","4.8","2.5","2.3","9.7","3.8","3","4.1","2.11","0.8","Warning"
"Panama","2017","137th","75.9","5.4","2.2","5.6","2.6","7.4","4.6","3.2","4.8","4.3","4.9","3","2.7","10.2","7.3","3.9","0.5","2.55","0.8","Warning"
"Costa Rica","2017","145th","75.3","3.6","3.8","4.2","4","5.3","4.1","2.4","3.9","1.5","3.3","3.9","4.1","8.7","7.3","8.1","3.3","2.98","0.8","Warning"
"Slovak Republic","2017","144th","73.8","1.8","4.7","6.9","4.6","3.5","4.2","4.3","2.4","2.5","2.3","3.8","3.3","12.6","6.7","5.9","0.2","3.32","0.8","Warning"
"Lithuania","2017","148th","71.8","3.1","3","4.4","4.5","4.5","4.4","2.7","3.5","2.5","2.8","2.3","4","12.5","6.5","7.1","1.4","2.21","0.4","Warning"
"Chile","2017","150th","71.2","3.2","2.2","3.6","3.2","5.7","3.8","3.3","4","3","4.9","2.1","2.1","10.4","9","7","1","2.03","0.7","Warning"
"Spain","2017","155th","71.2","2.8","6.3","5.7","5.2","3.5","1.9","2.8","2.2","1.8","2","1.9","1.8","10.2","8.9","11.3","0.2","1.82","0.9","Warning"
"Poland","2017","151st","69.3","1.8","4.2","5.4","3.6","3","4.5","3.3","2.3","3.2","3","3.6","2.9","12.3","6.5","4.9","1.4","2.56","0.8","Warning"
"France","2017","159th","68","3.3","1.9","7","4.3","3.2","2.2","1.3","1.1","2.1","2.8","2.5","1.8","11.4","11.3","9.4","0.2","1.36","0.8","Warning"
"Japan","2017","156th","67.7","1.6","2.6","3.7","4.1","1.6","3.2","1.2","2.2","3","6","4.4","3.8","12.8","10.9","2.8","0.2","2.66","0.9","Warning"
"Czech Republic","2017","152nd","66","2.6","5","4.8","4.6","2.7","2.8","4.7","2.6","2.4","1.4","3.8","2.7","12.7","7.2","2.9","0.3","1.98","0.8","Warning"
"Uruguay","2017","157th","65.8","3.8","2.7","2.5","3.6","4.1","4.4","1","2.9","2.8","3.8","2.5","2.7","8.7","9.3","5.2","1.7","3.24","0.9","Warning"
"United Arab Emirates","2017","147th","65.5","3.1","3.6","3.4","2.4","3.4","2.5","6.7","2.2","7.8","4","2.2","2.4","12.1","3.3","2.1","1.3","2.27","0.7","Warning"
"Singapore","2017","161st","65.3","1.6","4","2.6","2","3.8","3.3","3.9","1.3","4.6","2.5","1.7","1.2","11.4","4.4","13.3","0.5","2.26","0.9","Warning"
"Portugal","2017","164th","64.4","1.3","2.5","2.5","5.3","2.5","2.2","1.6","2.2","1.8","2.1","2.2","2.8","9.2","9","8.9","0","7.5","0.8","Warning"
"Mauritius","2017","148th","64.1","2.3","3.2","3.6","4","3.5","4.4","3","3.3","3.4","3.6","2.7","4.7","4.5","5.7","6.8","0.1","4.41","0.9","Warning"
"Slovenia","2017","162nd","63.3","1.6","1.7","4.5","3.8","3.4","3.1","2.7","1.5","1.5","2.3","4","2.3","12.3","8.2","6.6","0.1","2.78","0.9","Warning"
"Belgium","2017","163rd","63.1","2.4","4.4","4.9","4.2","2.7","1.6","1.4","2.3","1.5","2","2.4","1","12","10.3","7.1","0.4","1.63","0.9","Warning"
"South Korea","2017","154th","60.6","2.1","4.3","2.9","2","3","3.9","4.4","1.9","2.9","3.1","2","5.6","7.8","6.7","4.8","1.4","1.56","0.2","Warning"
"Qatar","2017","146th","60.5","2.6","5","4.6","2.1","4.7","2.6","6.3","1.3","6.3","3.8","2","2.7","9.7","2.6","0.1","0.2","3.12","0.8","Warning"
"Germany","2017","165th","60.3","2.1","2.3","5","2.2","2.8","2.1","1","1.1","1.1","2","5.4","1","14.1","11.2","3.7","0.4","1.87","0.9","Warning"
"Austria","2017","166th","59","1","3.2","4.5","2.2","2.9","1.5","1.4","1.1","1.2","1.9","5.6","1.2","12.6","10.4","5.5","0.7","1.17","0.9","Stable"
"Malta","2017","153rd","58.9","3.6","2","3.9","4","2.6","3.7","3.6","2","3","2.5","4.4","3.3","2.3","9.3","4","2.7","1.18","0.8","Stable"
"Netherlands","2017","167th","58.3","1.5","3.1","4.5","2.7","2.2","2.6","1.3","1","1","2.5","3.8","1.2","12.3","10.1","4.8","0.6","2.23","0.9","Stable"
"Canada","2017","169th","57.6","2.2","2.5","3.4","1.8","2.5","1.7","1","1.5","1.3","1.9","1.8","1","13.3","10.6","6.3","1.3","2.58","0.9","Stable"
"Norway","2017","177th","56.6","2","1.1","3.6","2.2","1.5","1.6","0.8","1","1.1","1.5","2.8","1.3","12.8","10.4","4.2","0.8","7","0.9","Stable"
"New Zealand","2017","170th","54.6","1.2","1.4","3.6","3.6","2.3","2.1","0.9","1.4","1","2.1","1.8","1.2","12.7","9.2","4.7","2.1","2.4","0.9","Stable"
"Ireland","2017","172nd","54.4","2.1","1.5","1.4","3.4","2.2","2.8","1","1.4","1.4","1.7","2","1.4","12.5","7.2","6.7","1.1","3.68","0.9","Stable"
"Denmark","2017","175th","54.2","1.7","1.4","4.4","2","1.6","1.9","0.9","1","1.5","2","2.1","1","12.6","10.1","5.7","0.6","2.75","0.9","Stable"
"Australia","2017","172nd","53.8","2.1","1.7","3.9","1.7","2.2","1.3","1","1.5","2.3","1.3","2.3","1","12.7","9.2","5.6","1.7","1.4","0.9","Stable"
"Finland","2017","178th","53.6","1.7","1.1","1.8","3.5","1","2.3","0.9","1","1","1.1","2.3","1","12.8","9.2","8.6","0.6","2.84","0.9","Stable"
"Iceland","2017","171st","53.5","1","1.8","1.3","3.3","1.1","2.8","1.3","1.2","1","1.6","2","4.1","12.4","8.3","2.7","2.3","4.38","0.9","Stable"
"Luxembourg","2017","168th","52.7","1.7","3.4","3.1","1.2","1.6","2.1","1","2.1","1","1.6","3.5","1.1","13","5.5","5.5","2.4","2.08","0.8","Stable"
"Switzerland","2017","176th","52.5","1.1","1","3.6","2.3","2.2","2.1","1","1","1.8","1.5","2.5","1","13.1","12.3","2.7","0.9","1.93","0.5","Stable"
"Sweden","2017","174th","47.3","2.1","1.8","1.5","1.8","1.8","1.5","1","1.1","1.1","2","5.3","1.1","12.4","7.8","1.1","1.3","1.71","0.9","Stable"
